col1,col2,corr
HighBP,Age,0.3445
HighBP,HighChol,0.2982
HighChol,Age,0.2723
Diabetes_012,HighBP,0.2716
Diabetes_012,BMI,0.2244
HighBP,BMI,0.2137
Diabetes_012,HighChol,0.2091
PhysActivity,Income,0.1985
Diabetes_012,Age,0.185
HighChol,BMI,0.1067
BMI,Age,-0.0366
HighChol,PhysActivity,-0.078
HighChol,Income,-0.0855
PhysActivity,Age,-0.0925
BMI,Income,-0.1001
Diabetes_012,PhysActivity,-0.1219
HighBP,PhysActivity,-0.1253
Age,Income,-0.1278
BMI,PhysActivity,-0.1473
HighBP,Income,-0.1712
Diabetes_012,Income,-0.1715
